product,rating,rating count,price,product url
The Children's Place Girls' Short Sleeve Graphic T-Shirt  ,4.7 out of 5 stars,1277  ,4.6,https://amazon.com/Childrens-Place-Sleeve-Graphic-T-Shirt/dp/B0BRNWLTNX/ref=sr_1_1?keywords=clothing&qid=1682200303&sr=8-1
Onesies Brand baby-boys 8-pack Short Sleeve Mix & Match Bodysuits  ,4.7 out of 5 stars,7917  ,18.99,https://amazon.com/Onesies-Brand-8-Pack-Bodysuits-Dangerously/dp/B0863JB19K/ref=sr_1_2?keywords=clothing&qid=1682200303&sr=8-2
Amazon Essentials Women's Short-Sleeve Woven Blouse  ,4.1 out of 5 stars,6217  ,23.7,https://amazon.com/Amazon-Essentials-Short-Sleeve-Leopard-XX-Large/dp/B082ZTGN5Y/ref=sr_1_3?keywords=clothing&qid=1682200303&sr=8-3
OQQ Women's 2 Piece Crop Top Ribbed Seamless Workout Exercise Long Sleeve Crop Tops  ,4.5 out of 5 stars,2005  ,34.99,https://amazon.com/OQQ-Womens-Seamless-Workout-Exercise/dp/B0B65FLY1V/ref=sr_1_4?keywords=clothing&qid=1682200303&sr=8-4
Simple Joys by Carter's Toddlers and Baby Boys' Swimsuit Trunk and Rashguard  ,4.8 out of 5 stars,38154  ,15.2,https://amazon.com/Simple-Joys-Carters-Swimsuit-Rashguard/dp/B07211SR5Q/ref=sr_1_5?keywords=clothing&qid=1682200303&sr=8-5
"Simple Joys by Carter's Baby Girls' Short-Sleeve Bodysuit, Pack of 6  ",4.8 out of 5 stars,42636  ,18.1,https://amazon.com/Simple-Joys-Carters-Short-Sleeve-Bodysuits/dp/B08XW8S86J/ref=sr_1_6?keywords=clothing&qid=1682200303&sr=8-6
"Gildan Men's Crew T-Shirts, Multipack, Style G1100  ",4.6 out of 5 stars,250434  ,19.99,https://amazon.com/Gildan-Mens-T-Shirt-Assortment-X-Large/dp/B077ZJXCTS/ref=sr_1_7?keywords=clothing&qid=1682200303&sr=8-7
"Simple Joys by Carter's Baby Girls' Snap-Up Rompers, Pack of 3  ",4.8 out of 5 stars,20990  ,20.0,https://amazon.com/Simple-Joys-Carters-Snap-up-Rompers/dp/B071ZRMNTK/ref=sr_1_8?keywords=clothing&qid=1682200303&sr=8-8
"Simple Joys by Carter's Babies, Toddlers, and Boys' Knit Shorts, Multipacks  ",4.8 out of 5 stars,14523  ,23.1,https://amazon.com/Simple-Joys-Carters-3-Pack-Shorts/dp/B07GP3J9QB/ref=sr_1_9?keywords=clothing&qid=1682200303&sr=8-9
SOLY HUX Women's Casual Elastic Shorts Running High Waisted Color Block Sweat Shorts with Pockets  ,4.3 out of 5 stars,475  ,24.99,https://amazon.com/SOLY-HUX-Elastic-Waisted-Multicoloured/dp/B09F39YR1X/ref=sr_1_10?keywords=clothing&qid=1682200303&sr=8-10
"Simple Joys by Carter's Babies, Toddlers, and Boys' Short-Sleeve Pocket Henley Tee Shirt, Pack of 3  ",4.8 out of 5 stars,8399  ,29.6,https://amazon.com/Simple-Joys-Carters-Toddler-3-Pack/dp/B075X6CQK7/ref=sr_1_11?keywords=clothing&qid=1682200303&sr=8-11
Simple Joys by Carter's Toddlers and Baby Girls' 3-Piece Playwear Set  ,4.8 out of 5 stars,7859  ,20.0,https://amazon.com/Simple-Joys-Carters-Playwear-Chambray/dp/B07ZPQ1QZ6/ref=sr_1_12?keywords=clothing&qid=1682200303&sr=8-12
"Amazon Essentials Women's Slim Fit Square Neck Tank, Pack of 2  ",4.5 out of 5 stars,811  ,19.0,https://amazon.com/Amazon-Essentials-Womens-2-Pack-Square/dp/B09HSSQJ45/ref=sr_1_13?keywords=clothing&qid=1682200303&sr=8-13
Amazon Essentials Men's Slim-Fit Stretch Golf Pant  ,4.3 out of 5 stars,13262  ,23.92,https://amazon.com/Amazon-Essentials-Slim-Fit-Stretch-Black/dp/B07K3J1XVX/ref=sr_1_14?keywords=clothing&qid=1682200303&sr=8-14
"Simple Joys by Carter's Baby Boys' Rompers, Pack of 3  ",4.8 out of 5 stars,15048  ,23.8,https://amazon.com/Simple-Joys-Carters-Rompers-Turquoise/dp/B071JNL7MD/ref=sr_1_15?keywords=clothing&qid=1682200303&sr=8-15
Simple Joys by Carter's Baby Boys' 4-Piece Playwear Set  ,4.8 out of 5 stars,9110  ,22.8,https://amazon.com/Simple-Joys-Carters-4-Piece-Playwear/dp/B071JNLC54/ref=sr_1_16?keywords=clothing&qid=1682200303&sr=8-16
"PHISOCKAT 2 Pack High Waist Yoga Pants with Pockets, Tummy Control Leggings, Workout 4 Way Stretch Yoga Leggings  ",4.6 out of 5 stars,21859  ,31.98,https://amazon.com/PHISOCKAT-Pockets-Control-Workout-Leggings/dp/B07YZ8PQDQ/ref=sr_1_17?keywords=clothing&qid=1682200303&sr=8-17
Gerber baby-girls 8-pack Short Sleeve Onesies Bodysuits  ,4.8 out of 5 stars,24777  ,21.99,https://amazon.com/Gerber-8-Pack-Short-Sleeve-Onesies-Bodysuit/dp/B07GG1VGML/ref=sr_1_18?keywords=clothing&qid=1682200303&sr=8-18
"Simple Joys by Carter's Baby Girls' Long-Sleeve Bodysuit, Pack of 5  ",4.8 out of 5 stars,37068  ,16.1,https://amazon.com/Simple-Joys-Carters-Long-Sleeve-Bodysuit/dp/B01M2CO9DQ/ref=sr_1_19?keywords=clothing&qid=1682200303&sr=8-19
"Amazon Essentials Men's Performance Tech Loose-Fit Shorts (Available in Big & Tall), Multipacks  ",4.6 out of 5 stars,60826  ,18.32,https://amazon.com/Amazon-Essentials-2-Pack-Loose-Fit-Performance/dp/B08JLCW7VN/ref=sr_1_20?keywords=clothing&qid=1682200303&sr=8-20
Amazon Essentials Women's Brushed Tech Stretch Crop Jogger Pant (Available in Plus Size)  ,4.4 out of 5 stars,3840  ,23.7,https://amazon.com/Amazon-Essentials-Brushed-Stretch-Spacedye/dp/B07FK1FXNL/ref=sr_1_21?keywords=clothing&qid=1682200303&sr=8-21
Hudson Baby Unisex Baby Cotton Sleeveless Bodysuits  ,4.8 out of 5 stars,33520  ,15.99,https://amazon.com/Hudson-Baby-Sleeveless-Cotton-Bodysuits/dp/B079YFV6B8/ref=sr_1_22?keywords=clothing&qid=1682200303&sr=8-22
Lviefent Womens Lightweight Full Zip Running Track Jacket Workout Slim Fit Yoga Sportwear with Thumb Holes  ,4.4 out of 5 stars,4652  ,20.35,https://amazon.com/Lviefent-Lightweight-Running-Workout-Sportwear/dp/B091BVBJPD/ref=sr_1_23?keywords=clothing&qid=1682200303&sr=8-23
The Children's Place Baby Girls' and Toddler Pull on Jean Shorts  ,4.9 out of 5 stars,40  ,12.25,https://amazon.com/Childrens-Place-Toddler-Shorts-Months/dp/B0BMHWX63W/ref=sr_1_24?keywords=clothing&qid=1682200303&sr=8-24
"Simple Joys by Carter's Toddler Girls' Short-Sleeve Graphic Tees, Pack of 3  ",4.8 out of 5 stars,9796  ,17.1,https://amazon.com/Simple-Joys-Carters-Toddler-Graphic/dp/B076XS3QCR/ref=sr_1_25?keywords=clothing&qid=1682200303&sr=8-25
"Simple Joys by Carter's Unisex Babies' 4-Piece Jacket, Pant, and Bodysuit Set  ",4.8 out of 5 stars,4412  ,18.6,https://amazon.com/Simple-Joys-Carters-4-Piece-Bodysuit/dp/B07MY1BN8R/ref=sr_1_26?keywords=clothing&qid=1682200303&sr=8-26
"Simple Joys by Carter's Baby Girls' Romper, Sunsuit and Dress, Pack of 3  ",4.8 out of 5 stars,11019  ,23.8,https://amazon.com/Simple-Joys-Carters-Sunsuit-Cherries/dp/B071FSKGZD/ref=sr_1_27?keywords=clothing&qid=1682200303&sr=8-27
EFAN Women's Cute Hoodies Teen Girl Fall Jacket Oversized Sweatshirts Casual Drawstring Clothes Zip Up Y2K Hoodie with Pocket  ,4.4 out of 5 stars,4033  ,36.99,https://amazon.com/EFAN-Oversized-Sweatshirts-Drawstring-Hoodies/dp/B09D2RNYZS/ref=sr_1_28?keywords=clothing&qid=1682200303&sr=8-28
The Children's Place Boys' Short Sleeve Graphic T-Shirt  ,4.8 out of 5 stars,893  ,4.6,https://amazon.com/Childrens-Place-Sleeve-Graphic-T-Shirt/dp/B0BM8L789Q/ref=sr_1_29?keywords=clothing&qid=1682200303&sr=8-29
Amazon Essentials Women's Slim-Fit Half Sleeve Square Neck T-Shirt  ,4.3 out of 5 stars,3796  ,13.52,https://amazon.com/Amazon-Essentials-Womens-Sleeve-T-Shirt/dp/B08J939VJK/ref=sr_1_31?keywords=clothing&qid=1682200303&sr=8-31
The Children's Place Baby Toddler Girls Basic Denim Jacket  ,4.8 out of 5 stars,16815  ,9.98,https://amazon.com/Childrens-Place-Girls-Jacket-Months/dp/B01FWONMLC/ref=sr_1_32?keywords=clothing&qid=1682200303&sr=8-32
SHEWIN Womens Short Sleeve Crewneck Shirts Loose Casual Tee T-Shirt  ,4.1 out of 5 stars,19351  ,22.98,https://amazon.com/Biucly-Womens-Crewneck-Tshirts-Apricot/dp/B08V5B29GB/ref=sr_1_33?keywords=clothing&qid=1682200303&sr=8-33
OVESPORT Workout Shorts for Women Scrunch Butt Lifting High Waisted Yoga Gym Seamless Booty Biker Shorts  ,4.5 out of 5 stars,490  ,32.99,https://amazon.com/OVESPORT-Workout-Scrunch-Lifting-Seamless/dp/B0BD87CNBF/ref=sr_1_34?keywords=clothing&qid=1682200303&sr=8-34
Simple Joys by Carter's Toddlers and Baby Girls' 3-Piece Playwear Set  ,4.8 out of 5 stars,944  ,19.0,https://amazon.com/Simple-Joys-Carters-Playwear-Cherries/dp/B08QW5KSP9/ref=sr_1_35?keywords=clothing&qid=1682200303&sr=8-35
Gerber baby-boys 4 Pack Sleep 'N Play Footie  ,4.7 out of 5 stars,41703  ,23.99,https://amazon.com/Gerber-Sleep-Footie-Jungle-Months/dp/B08BV2M73D/ref=sr_1_36?keywords=clothing&qid=1682200303&sr=8-36
"Hudson Baby Unisex Baby Plush Animal Face Bathrobe, Pretty Elephant, 0-9 Months  ",4.8 out of 5 stars,34851  ,10.99,https://amazon.com/Hudson-Baby-Animal-Bathrobe-Elephant/dp/B074P49GC8/ref=sr_1_37?keywords=clothing&qid=1682200303&sr=8-37
Onesies Brand baby-boys 4-pack Sleep 'N Play Footies  ,4.7 out of 5 stars,15357  ,19.99,https://amazon.com/Onesies-Brand-4-Pack-Footie-Months/dp/B088NV5PWC/ref=sr_1_38?keywords=clothing&qid=1682200303&sr=8-38
Women’s Bootcut Yoga Pants - Flare Leggings for Women High Waisted Crossover Workout Lounge Bell Bottom Jazz Dress Pants  ,4.2 out of 5 stars,3223  ,18.99,https://amazon.com/Womens-Bootcut-Yoga-Pants-Crossover/dp/B0B4N7P4WQ/ref=sr_1_39?keywords=clothing&qid=1682200303&sr=8-39
"Simple Joys by Carter's Baby Boys' Snap-Up Rompers, Pack of 3  ",4.8 out of 5 stars,13016  ,20.0,https://amazon.com/Simple-Joys-Carters-Snap-up-Alligators/dp/B07GKZ3MMK/ref=sr_1_40?keywords=clothing&qid=1682200303&sr=8-40
The Children's Place Baby 2 Pack and Toddler Boys Basic Straight Leg Jeans 2-Pack  ,4.7 out of 5 stars,911  ,13.2,https://amazon.com/Childrens-Place-Toddler-Straight-2-Pack/dp/B08P5587X7/ref=sr_1_41?keywords=clothing&qid=1682200303&sr=8-41
"Simple Joys by Carter's Unisex Babies' Snap-Up Rompers, Pack of 3  ",4.9 out of 5 stars,4488  ,19.0,https://amazon.com/Simple-Joys-Carters-Snap-up-Rompers/dp/B07Y2K17F1/ref=sr_1_42?keywords=clothing&qid=1682200303&sr=8-42
Amazon Essentials Men's Lightweight French Terry Jogger Pant (Available in Big & Tall)  ,4.9 out of 5 stars,19  ,19.92,https://amazon.com/Amazon-Essentials-Lightweight-French-Available/dp/B0BJDFC2PC/ref=sr_1_43?keywords=clothing&qid=1682200303&sr=8-43
"Gerber baby-girls 3-piece Short Sleeve Onesies, Diaper Cover & Headband Set  ",4.7 out of 5 stars,192  ,15.0,https://amazon.com/Gerber-3-Piece-Sleeve-Onesies-Headband/dp/B09Q96RFJ7/ref=sr_1_44?keywords=clothing&qid=1682200303&sr=8-44
"QIANXIZHAN Women's Harem Pants, High Waist Yoga Boho Trousers with Pockets  ",4.4 out of 5 stars,11082  ,25.95,https://amazon.com/QIANXIZHAN-Pants-Yoga-Trousers-Pockets/dp/B09DKXVVCQ/ref=sr_1_45?keywords=clothing&qid=1682200303&sr=8-45
Gerber unisex-baby 8-pack Short Sleeve Onesies Bodysuits  ,4.8 out of 5 stars,47612  ,21.99,https://amazon.com/Gerber-Short-Sleeve-Onesies-Bodysuits-Animals/dp/B081DJ36G4/ref=sr_1_46?keywords=clothing&qid=1682200303&sr=8-46
The Children's Place Girls' Roll Cuff Shortie 3 Pack  ,4.6 out of 5 stars,12  ,27.58,https://amazon.com/Childrens-Place-Girls-Shortie-Denim/dp/B0BMDV2KPQ/ref=sr_1_47?keywords=clothing&qid=1682200303&sr=8-47
Yovela Womens High Waisted Baggy Sweatpants Comfy Cotton High Waist Jogger Pants Y2k Trendy Lounge Trousers with Pockets  ,4.1 out of 5 stars,2920  ,27.99,https://amazon.com/Yovela-Womens-Athletic-Sweatpants-Pockets/dp/B09BFD1H3C/ref=sr_1_48?keywords=clothing&qid=1682200303&sr=8-48
Gerber unisex-baby 8-pack Short Sleeve Onesies Bodysuits  ,4.8 out of 5 stars,47612  ,21.99,https://amazon.com/Gerber-Short-Sleeve-Onesies-Bodysuits-Animals/dp/B081DHHT36/ref=sr_1_49?keywords=clothing&qid=1682200307&sr=8-49
Calvin Klein Girls' Modern Cotton Bikini Panty  ,4.6 out of 5 stars,1960  ,15.0,https://amazon.com/Calvin-Klein-Little-Modern-Cotton/dp/B07LCQPV5K/ref=sr_1_50?keywords=clothing&qid=1682200307&sr=8-50
"Hudson Baby Unisex Baby Cotton Bodysuit, Shorts and Shoe Set  ",4.7 out of 5 stars,12450  ,13.99,https://amazon.com/Hudson-Baby-Cotton-Bodysuit-Bottoms/dp/B076BF83BK/ref=sr_1_51?keywords=clothing&qid=1682200307&sr=8-51
Lee Women's Instantly Slims Classic Relaxed Fit Monroe Straight Leg Jean  ,4.2 out of 5 stars,21610  ,30.0,https://amazon.com/LEE-Womens-Classic-Straight-Leg-Seattle/dp/B00BCUPEVW/ref=sr_1_52?keywords=clothing&qid=1682200307&sr=8-52
"Burt's Bees Baby baby-girls Sleep and Play Pajamas, 100% Organic Cotton One-piece Romper Jumpsuit Zip Front Pjs  ",4.8 out of 5 stars,251  ,11.85,https://amazon.com/Burts-Bees-Baby-One-Piece-Jumpsuit/dp/B07R27GJ5P/ref=sr_1_53?keywords=clothing&qid=1682200307&sr=8-53
Boao 4 Pieces Basic Crop Tank Tops Sleeveless Racerback Crop Sport Top for Women  ,4.5 out of 5 stars,42311  ,24.99,https://amazon.com/Pieces-Sleeveless-Racerback-Cotton-Medium/dp/B07TB5X4ZQ/ref=sr_1_54?keywords=clothing&qid=1682200307&sr=8-54
Gerber Baby Girls' Toddler Multi-Pack Premium Pants Leggings  ,4.7 out of 5 stars,13380  ,15.99,https://amazon.com/GERBER-Toddler-Multi-Pack-Premium-Leggings/dp/B07GFT2Y7W/ref=sr_1_55?keywords=clothing&qid=1682200307&sr=8-55
"Simple Joys by Carter's Baby Girls' Romper, Sunsuit and Dress, Pack of 3  ",4.8 out of 5 stars,11019  ,23.8,https://amazon.com/Simple-Joys-Carters-Sunsuit-Cherries/dp/B071JDDP62/ref=sr_1_56?keywords=clothing&qid=1682200307&sr=8-56
The Children's Place Boys' Short Sleeve Graphic T-Shirt  ,4.8 out of 5 stars,893  ,4.99,https://amazon.com/Childrens-Place-Toddler-Graphic-Baby-Boys/dp/B0BM8M4RG7/ref=sr_1_57?keywords=clothing&qid=1682200307&sr=8-57
Womens Tops Ladies Tunics Casual Shirts Long Sleeve Hoodie Pullover Blouses Loose Fitting Tees Fashion Clothing Sweatshirts  ,4.5 out of 5 stars,3986  ,20.99,https://amazon.com/Sweatshirts-Lightweight-Sweaters-Sudaderas-Playeras/dp/B09C87TPDW/ref=sr_1_58?keywords=clothing&qid=1682200307&sr=8-58
"Hanes Women's Crewneck Sweatshirt, EcoSmart Fleece Women's Pullover Sweatshirt, Sweatshirt for Women  ",4.3 out of 5 stars,58792  ,11.33,https://amazon.com/Hanes-Womens-V-Notch-Pullover-Sweatshirt/dp/B01I8JLLS4/ref=sr_1_59?keywords=clothing&qid=1682200307&sr=8-59
Amazon Essentials Women's Sleeveless Woven Shirt  ,4.3 out of 5 stars,1774  ,21.8,https://amazon.com/Amazon-Essentials-Womens-Sleeveless-Leopard/dp/B082ZTBP1G/ref=sr_1_60?keywords=clothing&qid=1682200307&sr=8-60
Simple Joys by Carter's Toddlers and Baby Girls' 3-Piece Playwear Set  ,4.8 out of 5 stars,944  ,19.0,https://amazon.com/Simple-Joys-Carters-Playwear-Cherries/dp/B08QW3W2SW/ref=sr_1_61?keywords=clothing&qid=1682200307&sr=8-61
Gerber Baby Boys' 2-Pack Footed Pajamas  ,4.3 out of 5 stars,8233  ,14.99,https://amazon.com/Gerber-2-Pack-Footed-Pajamas-Months/dp/B09955QPJ5/ref=sr_1_62?keywords=clothing&qid=1682200307&sr=8-62
"Simple Joys by Carter's Baby Girls' Long-Sleeve Bodysuit, Pack of 5  ",4.8 out of 5 stars,37068  ,16.1,https://amazon.com/Simple-Joys-Carters-Long-Sleeve-Bodysuit/dp/B01M2CO9DQ/ref=sr_1_63?keywords=clothing&qid=1682200307&sr=8-63
"Simple Joys by Carter's Toddler Girls' Short-Sleeve Graphic Tees, Pack of 3  ",4.8 out of 5 stars,9796  ,17.1,https://amazon.com/Simple-Joys-Carters-Toddler-Graphic/dp/B076XS3QCR/ref=sr_1_64?keywords=clothing&qid=1682200307&sr=8-64
ETCYY Womens Summer Tops 2023 Trendy Casual Puff Sleeve V Neck T Shirts Cute Tops Lace Short Sleeve Shirts  ,4.3 out of 5 stars,49  ,23.98,https://amazon.com/ETCYY-Womens-Summer-Trendy-Casual/dp/B0BWJQMD1W/ref=sr_1_65?keywords=clothing&qid=1682200307&sr=8-65
"Simple Joys by Carter's Toddlers and Baby Boys' Tank Tops, Multipacks  ",4.8 out of 5 stars,8349  ,19.1,https://amazon.com/Simple-Joys-Carters-Toddler-3-Pack/dp/B07965ZH98/ref=sr_1_66?keywords=clothing&qid=1682200307&sr=8-66
"Rubbermaid Reveal Cordless Battery Power Scrubber, Gray/Red, Multi-Purpose Scrub Brush Cleaner for Grout/Tile/Bathroom/Shower/Bathtub, Water Resistant, Lightweight, Ergonomic Grip (1839685)  ",4.5 out of 5 stars,18293  ,19.99,https://amazon.com/Rubbermaid-Scrubber-General-Cleaning-1839685/dp/B00BEUDWJQ/ref=sr_1_67?keywords=clothing&qid=1682200307&sr=8-67
Nike Everyday Cushion Ankle Training Socks (3 Pair)  ,4.6 out of 5 stars,14124  ,17.5,https://amazon.com/Nike-Unisex-Everyday-Cushion-Multicolor/dp/B07FKFJPQ3/ref=sr_1_68?keywords=clothing&qid=1682200307&sr=8-68
"Simple Joys by Carter's Girls and Toddlers' Tumbling Shorts, Pack of 4  ",4.8 out of 5 stars,2313  ,14.8,https://amazon.com/Simple-Joys-Carters-Toddler-Tumbling/dp/B08QW6YCGF/ref=sr_1_69?keywords=clothing&qid=1682200307&sr=8-69
Sundwudu 4 Pack Biker Shorts for Women - 8” High Waist Tummy Control Summer Workout Shorts for Running Yoga Athletic  ,4.5 out of 5 stars,7340  ,23.99,https://amazon.com/Sundwudu-Pack-Biker-Shorts-Women/dp/B09ST7KQW7/ref=sr_1_70?keywords=clothing&qid=1682200307&sr=8-70
The Children's Place Boys' Pull on Cargo Shorts  ,4.7 out of 5 stars,19238  ,13.51,https://amazon.com/Childrens-Place-Pull-Cargo-Shorts/dp/B01FKZRV4M/ref=sr_1_71?keywords=clothing&qid=1682200307&sr=8-71
"Hanes Womens Wireless Bra, Full-Coverage Pullover Stretch-Knit Bra, Smoothing T-Shirt Bra  ",4.0 out of 5 stars,30087  ,10.99,https://amazon.com/Hanes-Pullover-Comfortflex-Wirefree-XX-Large/dp/B00L5YL644/ref=sr_1_72?keywords=clothing&qid=1682200307&sr=8-72
Carhartt Men's Loose Fit Heavyweight Long-Sleeve Pocket T-Shirt  ,4.7 out of 5 stars,42305  ,20.98,https://amazon.com/Carhartt-Workwear-Long-Sleeve-Regular-X-Large/dp/B002WJXWT8/ref=sr_1_73?keywords=clothing&qid=1682200307&sr=8-73
"Amazon Essentials Women's Tech Stretch Racerback Tank Top (Available in Plus Size), Multipacks  ",4.4 out of 5 stars,12888  ,22.7,https://amazon.com/Amazon-Essentials-Womens-Stretch-Racerback/dp/B07FLY5PQ5/ref=sr_1_75?keywords=clothing&qid=1682200307&sr=8-75
TNNZEET 7 Pack High Waisted 5” Biker Shorts for Women – Soft Black Workout Yoga Running Shorts  ,4.5 out of 5 stars,1439  ,29.99,https://amazon.com/TNNZEET-Waisted-Capri-Leggings-Women/dp/B08CXSS8FF/ref=sr_1_76?keywords=clothing&qid=1682200307&sr=8-76
Fruit of the Loom Girls' Undershirts (Camis & Tanks)  ,4.4 out of 5 stars,32478  ,8.99,https://amazon.com/Fruit-Loom-Girls-Undershirts-Toddler/dp/B082TFLN3K/ref=sr_1_77?keywords=clothing&qid=1682200307&sr=8-77
"Simple Joys by Carter's Baby Girls' Cotton Snap Footed Sleep and Play, Pack of 2  ",4.8 out of 5 stars,15660  ,17.1,https://amazon.com/Simple-Joys-Carters-2-Pack-Butterfly/dp/B01MY2FGUB/ref=sr_1_79?keywords=clothing&qid=1682200307&sr=8-79
Amazon Essentials Men's Regular-Fit Tank Top  ,4.5 out of 5 stars,7880  ,11.3,https://amazon.com/Amazon-Essentials-Regular-Fit-Heather-X-Large/dp/B07HJ7CSFZ/ref=sr_1_80?keywords=clothing&qid=1682200307&sr=8-80
"Simple Joys by Carter's Baby Boys' Snap-Up Rompers, Pack of 3  ",4.8 out of 5 stars,13016  ,20.0,https://amazon.com/Simple-Joys-Carters-Snap-up-Alligators/dp/B07GKZ3MMK/ref=sr_1_81?keywords=clothing&qid=1682200307&sr=8-81
LaikaKud Women Mock Turtleneck Long Sleeve Shirt Pullover High Neck Undershirt Ribbed Thermal Shirts  ,4.2 out of 5 stars,397  ,11.99,https://amazon.com/Turtleneck-Undershirts-Layering-Pullover-Underwear/dp/B0BKC1JDZQ/ref=sr_1_82?keywords=clothing&qid=1682200307&sr=8-82
Dickies Women's Relaxed Fit Cargo Pants  ,3.8 out of 5 stars,12173  ,39.99,https://amazon.com/Dickies-Womens-Relaxed-Rinsed-Regular/dp/B004SWIWY2/ref=sr_1_83?keywords=clothing&qid=1682200307&sr=8-83
"American Apparel unisex-adult Fine Jersey Crewneck Short Sleeve T-Shirt, 2-Pack  ",4.3 out of 5 stars,867  ,8.79,https://amazon.com/American-Apparel-Crewneck-T-Shirt-X-Large/dp/B07WP5P4KH/ref=sr_1_84?keywords=clothing&qid=1682200307&sr=8-84
"Simple Joys by Carter's Unisex Babies' 4-Piece Jacket, Pant, and Bodysuit Set  ",4.8 out of 5 stars,4412  ,18.6,https://amazon.com/Simple-Joys-Carters-4-Piece-Bodysuit/dp/B07MY1BN8R/ref=sr_1_85?keywords=clothing&qid=1682200307&sr=8-85
SheIn Women's Guipure Lace Deep V Neck Short Sleeve Shirt Colorblock Blouse Top  ,3.8 out of 5 stars,532  ,27.99,https://amazon.com/SheIn-Womens-Guipure-Colorblock-X-Large/dp/B09VKYBQJY/ref=sr_1_86?keywords=clothing&qid=1682200307&sr=8-86
OQQ Women's 3 Piece Yoga Shorts Ribbed Seamless Workout High Waist Athletic Leggings  ,4.5 out of 5 stars,10096  ,32.99,https://amazon.com/OQQ-Seamless-Workout-Athletic-Leggings/dp/B09NFJRR2G/ref=sr_1_87?keywords=clothing&qid=1682200307&sr=8-87
"Simple Joys by Carter's Baby Girls' Fashion Jumpsuits, Pack of 2  ",4.7 out of 5 stars,5781  ,19.0,https://amazon.com/Simple-Joys-Carters-2-Pack-Jumpsuits/dp/B07GKNK9F9/ref=sr_1_88?keywords=clothing&qid=1682200307&sr=8-88
"Simple Joys by Carter's Unisex Babies' Cotton Footed Sleep and Play, Pack of 3  ",4.8 out of 5 stars,14743  ,28.5,https://amazon.com/Simple-Joys-Carters-Neutral-Elephant/dp/B075Z2HPPZ/ref=sr_1_89?keywords=clothing&qid=1682200307&sr=8-89
Signature by Levi Strauss & Co. Gold Label Women's Maternity Mid-Rise Shortie Shorts  ,4.6 out of 5 stars,6104  ,28.99,https://amazon.com/Signature-Levi-Strauss-Maternity-Mid-Rise/dp/B07QK9THDP/ref=sr_1_90?keywords=clothing&qid=1682200307&sr=8-90
The Children's Place Baby Toddler Girls Basic Denim Jacket  ,4.8 out of 5 stars,16815  ,9.98,https://amazon.com/Childrens-Place-Girls-Jacket-Months/dp/B01FWONMLC/ref=sr_1_91?keywords=clothing&qid=1682200307&sr=8-91
The Drop Women's Yasmin Rib Midi Sweater Tank Dress  ,4.1 out of 5 stars,931  ,49.9,https://amazon.com/Drop-Womens-Yasmin-Sweater-Dress/dp/B08RKQYPGR/ref=sr_1_92?keywords=clothing&qid=1682200307&sr=8-92
Amazon Essentials Women's Classic-Fit Puff Short-Sleeve Crewneck T-Shirt  ,4.3 out of 5 stars,2050  ,14.32,https://amazon.com/Amazon-Essentials-Classic-Crewneck-T-Shirt/dp/B08P4T6F89/ref=sr_1_93?keywords=clothing&qid=1682200307&sr=8-93
"Hanes ComfortFlex Fit Women's Oh So Light Wireless Bra with Comfort Foam, Full-Coverage T-Shirt Bra (S-3XL), MHG521  ",4.0 out of 5 stars,38109  ,15.0,https://amazon.com/Hanes-womens-Comfortflex-Wirefree-XX-Large/dp/B01N6P61LO/ref=sr_1_94?keywords=clothing&qid=1682200307&sr=8-94
AUTOMET Womens 2 Piece Outfits Lounge Matching Sets Two Piece Linen Shorts Crop Tops 2023 Trendy Clothes Summer Vacation Set  ,3.8 out of 5 stars,103  ,32.39,https://amazon.com/AUTOMET-Outfits-Matching-Clothes-Vacation/dp/B0BNLQ6R8Q/ref=sr_1_95?keywords=clothing&qid=1682200307&sr=8-95
"Simple Joys by Carter's Baby Boys' 2-Way Zip Cotton Footed Sleep and Play, Pack of 2  ",4.8 out of 5 stars,10479  ,17.1,https://amazon.com/Simple-Joys-Carters-2-Pack-Dinosaur/dp/B07ZPQ8VDN/ref=sr_1_96?keywords=clothing&qid=1682200307&sr=8-96
"Hanes Women's Shorts, French Terry Bermuda Pocket Shorts, Jersey Knit Fleece Shorts, Women's Bermuda Shorts, 11""  ",4.4 out of 5 stars,23940  ,14.0,https://amazon.com/Hanes-Womens-French-Bermuda-XX-Large/dp/B0170AD8Y2/ref=sr_1_97?keywords=clothing&qid=1682200311&sr=8-97
Simple Joys by Carter's Unisex Babies' 6-Piece Bodysuits (Short and Long Sleeve) and Pants Set  ,4.8 out of 5 stars,12192  ,22.8,https://amazon.com/Simple-Joys-Carters-6-Piece-Bodysuits/dp/B01M5JGO6D/ref=sr_1_98?keywords=clothing&qid=1682200311&sr=8-98
Amazon Essentials Men's Slim-Fit Stretch Golf Short  ,4.4 out of 5 stars,6751  ,22.32,https://amazon.com/Amazon-Essentials-Slim-Fit-Stretch-Short/dp/B07JFQQP96/ref=sr_1_99?keywords=clothing&qid=1682200311&sr=8-99
5 Pack Men’s Active Quick Dry Crew Neck T Shirts | Athletic Running Gym Workout Short Sleeve Tee Tops Bulk  ,4.6 out of 5 stars,30891  ,39.95,https://amazon.com/Pack-Mens-Active-Quick-Shirts/dp/B07MBR1WZV/ref=sr_1_100?keywords=clothing&qid=1682200311&sr=8-100
XPONNI Track Pants Women Baggy Pants Y2k Pants Parachute Pants for Women Y2K  Clothing  ,4.0 out of 5 stars,156  ,29.99,https://amazon.com/XPONNI-Track-Pants-Womens-Fashion/dp/B0BJ2QVJRW/ref=sr_1_101?keywords=clothing&qid=1682200311&sr=8-101
The Drop Women's Dakota Belted Mini Shirt Dress  ,3.4 out of 5 stars,126  ,21.47,https://amazon.com/Drop-Womens-Dakota-Belted-Shirt/dp/B09NGTNYRH/ref=sr_1_102?keywords=clothing&qid=1682200311&sr=8-102
Amazon Essentials Women's Classic-Fit 3/4 Sleeve Poplin Shirt  ,4.2 out of 5 stars,3587  ,20.9,https://amazon.com/Amazon-Essentials-Standard-Classic-Fit-X-Large/dp/B07YDR99D1/ref=sr_1_103?keywords=clothing&qid=1682200311&sr=8-103
Gerber Baby Girls' Toddler Multi-Pack Premium Pants Leggings  ,4.7 out of 5 stars,13380  ,15.99,https://amazon.com/GERBER-Toddler-Multi-Pack-Premium-Leggings/dp/B07GFT2Y7W/ref=sr_1_104?keywords=clothing&qid=1682200311&sr=8-104
Under Armour Men's Tech Graphic Shorts  ,4.7 out of 5 stars,59226  ,17.93,https://amazon.com/Under-Armour-Graphic-Shorts-Medium/dp/B077XK71ST/ref=sr_1_105?keywords=clothing&qid=1682200311&sr=8-105
PRETTYGARDEN Women's 2023 Fall Fashion Outfits 2 Piece Sweatsuit Solid Color Long Sleeve Pullover Long Pants Tracksuit  ,4.1 out of 5 stars,4916  ,43.99,https://amazon.com/PRETTYGARDEN-Sweatsuit-Pullover-Tracksuit-Pockets/dp/B093GZ7RKK/ref=sr_1_106?keywords=clothing&qid=1682200311&sr=8-106
Newborn Baby Boy Girl Clothes Ribbed Knitted Cotton Long Sleeve Romper Long Pants Solid Color Fall Winter Outfits  ,4.7 out of 5 stars,4802  ,16.99,https://amazon.com/Newborn-Clothes-Ribbed-Knitted-Outfits/dp/B08L93432B/ref=sr_1_107?keywords=clothing&qid=1682200311&sr=8-107
"Simple Joys by Carter's Baby Boys' Jumpsuits, Pack of 3  ",4.8 out of 5 stars,7472  ,27.2,https://amazon.com/Simple-Joys-Carters-3-Pack-Jumpsuits/dp/B075XQSFFP/ref=sr_1_108?keywords=clothing&qid=1682200311&sr=8-108
The Children's Place Boys' Pull on Cargo Shorts  ,4.7 out of 5 stars,19238  ,13.51,https://amazon.com/Childrens-Place-Pull-Cargo-Shorts/dp/B01FKZRV4M/ref=sr_1_109?keywords=clothing&qid=1682200311&sr=8-109
JUST MY SIZE Women's Plus Size Active Pieced Stretch Capri  ,4.5 out of 5 stars,10994  ,22.0,https://amazon.com/Just-My-Size-Stretch-Granite/dp/B071NBHNM1/ref=sr_1_110?keywords=clothing&qid=1682200311&sr=8-110
Gerber baby-girls 4-pack Short Sleeve Onesies Bodysuits  ,4.8 out of 5 stars,3841  ,13.37,https://amazon.com/Gerber-4-Pack-Onesies-Bodysuits-Leopard/dp/B09255GQ72/ref=sr_1_111?keywords=clothing&qid=1682200311&sr=8-111
The Drop Women's @caralynmirand Ruffle-Neck Tiered Mini Dress  ,4.1 out of 5 stars,965  ,39.92,https://amazon.com/Drop-Womens-caralynmirand-Ruffle-Neck-Tiered/dp/B09CZ2Y6XK/ref=sr_1_112?keywords=clothing&qid=1682200311&sr=8-112
The Children's Place Baby Toddler Boys Short Sleeve Graphic T-Shirt  ,4.4 out of 5 stars,6  ,4.99,https://amazon.com/Childrens-Place-Toddler-Graphic-Handsome/dp/B0BRHJ91RV/ref=sr_1_113?keywords=clothing&qid=1682200311&sr=8-113
PGA TOUR Women's Pull-on Golf Pant with Tummy Control (Size X-Small-xx-Large)  ,4.4 out of 5 stars,2959  ,43.67,https://amazon.com/PGA-TOUR-Womens-Motionflux-Caviar/dp/B073JLM4BK/ref=sr_1_114?keywords=clothing&qid=1682200311&sr=8-114
THE GYM PEOPLE High Waist Yoga Shorts for Women's Tummy Control Fitness Athletic Workout Running Shorts with Deep Pockets  ,4.5 out of 5 stars,23224  ,19.99,https://amazon.com/GYM-PEOPLE-Women-Tummy-Control-Athletic/dp/B07QP69Z5P/ref=sr_1_115?keywords=clothing&qid=1682200311&sr=8-115
The Drop Women's Jody Square-Neck Cropped Fitted Rib Knit Tank Top  ,4.0 out of 5 stars,378  ,9.95,https://amazon.com/Drop-Womens-Square-Cropped-Toasted/dp/B09MWK4BXL/ref=sr_1_116?keywords=clothing&qid=1682200311&sr=8-116
Amazon Essentials Women's Short-Sleeve Scoop Neck Swing Dress (Available in Plus Size)  ,4.3 out of 5 stars,10377  ,23.8,https://amazon.com/Amazon-Essentials-Womens-Short-Sleeve-Scoopneck/dp/B07JNS8M4R/ref=sr_1_118?keywords=clothing&qid=1682200311&sr=8-118
Fruit of the Loom Boys' Tag-Free Cotton Tees (Assorted Color Multipacks)  ,4.5 out of 5 stars,6076  ,12.16,https://amazon.com/Fruit-Loom-Multi-Color-Sleeveless-Turquoise/dp/B07V2B2BRR/ref=sr_1_119?keywords=clothing&qid=1682200311&sr=8-119
Amazon Essentials Women's 10 Inch Inseam Bermuda Chino Short  ,4.2 out of 5 stars,1981  ,22.32,https://amazon.com/Amazon-Essentials-Womens-Inseam-Bermuda/dp/B08P1QYKZD/ref=sr_1_120?keywords=clothing&qid=1682200311&sr=8-120
EFAN Womens Sweat Shorts Summer Casual Comfy High Waisted Lounge Shorts Drawstring Cotton Shorts with Pockets 2023  ,4.0 out of 5 stars,448  ,18.98,https://amazon.com/EFAN-Womens-Waisted-Drawstring-Pockets/dp/B0B6VQ35Q8/ref=sr_1_121?keywords=clothing&qid=1682200311&sr=8-121
"Hanes Women's Jersey Pocket Shorts, Drawstring Cotton Jersey Shorts, 7"" Inseam  ",4.4 out of 5 stars,55935  ,11.8,https://amazon.com/Hanes-Womens-Charcoal-Heather-X-Large/dp/B016YKK3LA/ref=sr_1_122?keywords=clothing&qid=1682200311&sr=8-122
The Children's Place Baby Single and Toddler Short Sleeve Family Graphic T-Shirts  ,4.8 out of 5 stars,85  ,4.2,https://amazon.com/Childrens-Place-Toddler-Graphic-T-Shirts/dp/B0BNDFBY7Y/ref=sr_1_123?keywords=clothing&qid=1682200311&sr=8-123
"Amazon Essentials Women's Tech Stretch Racerback Tank Top (Available in Plus Size), Multipacks  ",4.4 out of 5 stars,12888  ,22.7,https://amazon.com/Amazon-Essentials-Womens-Stretch-Racerback/dp/B07FLY5PQ5/ref=sr_1_124?keywords=clothing&qid=1682200311&sr=8-124
Amazon Essentials Women's Fluid Twill Short Puff Sleeve Smock Detail Shirt  ,4.2 out of 5 stars,1143  ,25.5,https://amazon.com/Amazon-Essentials-Womens-Sleeve-Chelsea/dp/B08WSB5L4Y/ref=sr_1_125?keywords=clothing&qid=1682200311&sr=8-125
BALEAF Women's Long Sleeve Shirts UPF50+ Sun Protection Quick Dry Hiking Fishing  ,4.5 out of 5 stars,21901  ,19.99,https://amazon.com/Baleaf-Protection-T-Shirt-Outdoor-Performance/dp/B071YYSS8G/ref=sr_1_126?keywords=clothing&qid=1682200311&sr=8-126
IDEGG Women and Men No Show Socks Low Cut Anti-slid Athletic Running Novelty Casual Invisible Liner Socks  ,4.7 out of 5 stars,47740  ,15.99,https://amazon.com/IDEGG-Socks-Cotton-Anti-slid-Athletic/dp/B07W7TR1PR/ref=sr_1_127?keywords=clothing&qid=1682200311&sr=8-127
"Burt's Bees Baby baby-girls Sleep and Play Pajamas, 100% Organic Cotton One-piece Romper Jumpsuit Zip Front Pjs  ",4.8 out of 5 stars,251  ,11.85,https://amazon.com/Burts-Bees-Baby-One-Piece-Jumpsuit/dp/B07R27GJ5P/ref=sr_1_128?keywords=clothing&qid=1682200311&sr=8-128
"EcoSmart ECO 11 Electric Tankless Water Heater, 13KW at 240 Volts with Patented Self Modulating Technology  ",4.4 out of 5 stars,4775  ,234.95,https://amazon.com/EcoSmart-ECO-11-Modulating-Technology/dp/B001LZRF9M/ref=sr_1_129?keywords=clothing&qid=1682200311&sr=8-129
Dickies Men's Dri-tech Moisture Control Comfort Length Crew Socks  ,4.6 out of 5 stars,5263  ,15.99,https://amazon.com/Dickies-Dri-tech-Moisture-Control-Comfort/dp/B0B9YHMZV2/ref=sr_1_130?keywords=clothing&qid=1682200311&sr=8-130
AUTOMET Women’s Summer 2 Piece Outfits Shorts Sets Sleeveless Round Neck Crop Top Tank and High Waisted Shorts with Pockets  ,4.1 out of 5 stars,478  ,26.98,https://amazon.com/Automet-Outfits-Loungewear-Sleeveless-Waisted/dp/B09YYBPKCD/ref=sr_1_131?keywords=clothing&qid=1682200311&sr=8-131
"Hanes Women's Crewneck Sweatshirt, EcoSmart Fleece Women's Pullover Sweatshirt, Sweatshirt for Women  ",4.3 out of 5 stars,58792  ,11.33,https://amazon.com/Hanes-Womens-V-Notch-Pullover-Sweatshirt/dp/B01I8JLLS4/ref=sr_1_132?keywords=clothing&qid=1682200311&sr=8-132
Skechers Women's Go Walk Pant  ,4.6 out of 5 stars,7221  ,28.13,https://amazon.com/Skechers-womens-Gowalk-Leggings-XX-Large/dp/B07M7Y58FB/ref=sr_1_133?keywords=clothing&qid=1682200311&sr=8-133
Gerber baby-girls 5-pack Short Sleeve Variety Onesies Bodysuits  ,4.8 out of 5 stars,14387  ,13.95,https://amazon.com/GERBER-Variety-Onesies-Bodysuits-Princess/dp/B07QLNXJH1/ref=sr_1_134?keywords=clothing&qid=1682200311&sr=8-134
"Amazon Essentials Women's Classic-Fit Short-Sleeve Crewneck T-Shirt, Multipacks  ",4.4 out of 5 stars,43838  ,19.0,https://amazon.com/Amazon-Essentials-Short-Sleeve-Crewneck-T-Shirt/dp/B07756DPMZ/ref=sr_1_135?keywords=clothing&qid=1682200311&sr=8-135
"Simple Joys by Carter's Unisex Babies' Short-Sleeve Bodysuit, Pack of 6  ",4.9 out of 5 stars,8365  ,18.1,https://amazon.com/Simple-Joys-Carters-Short-Sleeve-Bodysuit/dp/B072V8T1KP/ref=sr_1_136?keywords=clothing&qid=1682200311&sr=8-136
"BALENNZ Workout Shirts for Women, Moisture Wicking Quick Dry Active Athletic Women's Gym Performance T Shirts  ",4.4 out of 5 stars,5251  ,33.99,https://amazon.com/BALENNZ-Workout-Moisture-Athletic-Performance/dp/B093Q3BTL3/ref=sr_1_137?keywords=clothing&qid=1682200311&sr=8-137
"Burt's Bees Baby baby-boys Sleep and Play Pajamas, 100% Organic Cotton One-piece Romper Jumpsuit Zip Front Pjs  ",4.8 out of 5 stars,14786  ,8.62,https://amazon.com/Burts-Bees-Baby-One-Piece-Jumpsuit/dp/B07MBJ7BZ6/ref=sr_1_138?keywords=clothing&qid=1682200311&sr=8-138
"Champion Men's Cotton Jersey Athletic Shorts, Gym Shorts, Workout Shorts (Reg. or Big & Tall)  ",4.4 out of 5 stars,60442  ,16.0,https://amazon.com/Champion-Everyday-Pockets-Country-Walnut-407q88/dp/B095JBTG93/ref=sr_1_139?keywords=clothing&qid=1682200311&sr=8-139
Bluey Girls T-Shirt and French Terry Shorts Outfit Set Toddler to Little Kid  ,4.7 out of 5 stars,80  ,21.99,https://amazon.com/Bluey-Little-T-Shirt-French-Shorts/dp/B09RRQVX43/ref=sr_1_140?keywords=clothing&qid=1682200311&sr=8-140
Calvin Klein Girls' Modern Cotton Bikini Panty  ,4.6 out of 5 stars,1960  ,15.0,https://amazon.com/Calvin-Klein-Little-Modern-Cotton/dp/B07LCQPV5K/ref=sr_1_141?keywords=clothing&qid=1682200311&sr=8-141
Under Armour Girls' Utility Softball Pants 22  ,3.8 out of 5 stars,64  ,25.0,https://amazon.com/Under-Armour-Girls-Utility-Softball/dp/B09LRCVDYY/ref=sr_1_142?keywords=clothing&qid=1682200311&sr=8-142
Colosseum Active Women's Simone Cotton Blend Yoga and Running Short  ,4.6 out of 5 stars,36263  ,14.99,https://amazon.com/Colosseum-Womens-Simone-Shorts-Black/dp/B07P88KHD8/ref=sr_1_143?keywords=clothing&qid=1682200311&sr=8-143
The Children's Place baby-girls Long Sleeve 100% Cotton Onesie Bodysuits 5-pack  ,4.5 out of 5 stars,35  ,14.78,https://amazon.com/Childrens-Place-Sleeve-Bodysuits-Lavender/dp/B0B7SLB2X6/ref=sr_1_144?keywords=clothing&qid=1682200311&sr=8-144
Bluey Girls T-Shirt and French Terry Shorts Outfit Set Toddler to Little Kid  ,4.7 out of 5 stars,80  ,21.99,https://amazon.com/Bluey-Little-T-Shirt-French-Shorts/dp/B09RRQVX43/ref=sr_1_145?keywords=clothing&qid=1682200316&sr=8-145
Calvin Klein Girls' Modern Cotton Bikini Panty  ,4.6 out of 5 stars,1960  ,15.0,https://amazon.com/Calvin-Klein-Little-Modern-Cotton/dp/B07LCQPV5K/ref=sr_1_146?keywords=clothing&qid=1682200316&sr=8-146
"Simple Joys by Carter's Baby Girls' Cotton Snap Footed Sleep and Play, Pack of 2  ",4.8 out of 5 stars,15660  ,17.1,https://amazon.com/Simple-Joys-Carters-2-Pack-Butterfly/dp/B01MY2FGUB/ref=sr_1_147?keywords=clothing&qid=1682200316&sr=8-147
"Simple Joys by Carter's Baby Boys' 4-Piece Fleece Jacket, Pant, and Bodysuit Set  ",4.8 out of 5 stars,8736  ,18.39,https://amazon.com/Simple-Joys-Carters-4-Piece-Bodysuit/dp/B07MY18BVD/ref=sr_1_148?keywords=clothing&qid=1682200316&sr=8-148
Under Armour Girls' Utility Softball Pants 22  ,3.8 out of 5 stars,64  ,25.0,https://amazon.com/Under-Armour-Girls-Utility-Softball/dp/B09LRCVDYY/ref=sr_1_149?keywords=clothing&qid=1682200316&sr=8-149
"Simple Joys by Carter's Babies, Toddlers, and Girls' Solid Short-Sleeve Tee Shirts, Pack of 3  ",4.6 out of 5 stars,5629  ,16.2,https://amazon.com/Simple-Joys-Carters-Toddler-Short-Sleeve/dp/B0797NW61G/ref=sr_1_150?keywords=clothing&qid=1682200316&sr=8-150
Clothing: A Global History  ,3.4 out of 5 stars,7  ,28.0,https://amazon.com/Clothing-Global-History-Robert-Ross/dp/0745631878/ref=sr_1_151?keywords=clothing&qid=1682200316&sr=8-151
BALEAF Women's Pleated Tennis Skirts High Waisted Lightweight Athletic Golf Skorts Skirts with Shorts Pockets  ,4.4 out of 5 stars,1322  ,27.99,https://amazon.com/BALEAF-Waisted-Pleated-Athletic-Pockets/dp/B09NNDT4DW/ref=sr_1_152?keywords=clothing&qid=1682200316&sr=8-152
The Children's Place Baby Single and Toddler Boys Pull on Cargo Pants  ,4.7 out of 5 stars,8946  ,6.0,https://amazon.com/Childrens-Place-Little-Toddler-Pull/dp/B00P3XR0I4/ref=sr_1_153?keywords=clothing&qid=1682200316&sr=8-153
The Children's Place baby-girls Long Sleeve 100% Cotton Onesie Bodysuits 5-pack  ,4.5 out of 5 stars,35  ,14.78,https://amazon.com/Childrens-Place-Sleeve-Bodysuits-Lavender/dp/B0B7SLB2X6/ref=sr_1_154?keywords=clothing&qid=1682200316&sr=8-154
Glamaker Women 2 Piece Outfit sets Casual Oversized T-Shirt Tops Biker Shorts Workout Sports Tracksuit  ,4.0 out of 5 stars,6477  ,27.99,https://amazon.com/Glamaker-Oversized-T-Shirt-Workout-Tracksuit/dp/B089GJK4XD/ref=sr_1_155?keywords=clothing&qid=1682200316&sr=8-155
Simple Joys by Carter's Baby Girls' Fleece Footed Jumpsuit Pram  ,4.7 out of 5 stars,12015  ,21.9,https://amazon.com/Simple-Joys-Carters-Fleece-Jumpsuit/dp/B01NBNRXAW/ref=sr_1_156?keywords=clothing&qid=1682200316&sr=8-156
Hudson Baby Unisex Baby Preemie Sleep and Play  ,4.7 out of 5 stars,3931  ,18.99,https://amazon.com/Hudson-Baby-Preemie-Sleep-Floral/dp/B07GXVFQRK/ref=sr_1_157?keywords=clothing&qid=1682200316&sr=8-157
"Simple Joys by Carter's Baby Boys' 4-Piece Bodysuit, Top, and Pant Set  ",4.8 out of 5 stars,2442  ,20.9,https://amazon.com/Simple-Joys-Carters-Bodysuit-Dinosaurs/dp/B07ZPPYML6/ref=sr_1_159?keywords=clothing&qid=1682200316&sr=8-159
The Children's Place Boys' 3 Pack and Toddler Basketball Shorts 3-Pack  ,4.6 out of 5 stars,1448  ,13.18,https://amazon.com/Childrens-Place-Toddler-Shorts-Multipacks/dp/B09MDNNVVH/ref=sr_1_160?keywords=clothing&qid=1682200316&sr=8-160
Amazon Essentials Women's Relaxed-Fit Lightweight Lounge Terry Open-Front Cardigan  ,4.2 out of 5 stars,2811  ,16.72,https://amazon.com/Amazon-Essentials-Lightweight-Open-Front-Cardigan/dp/B07FK77DFW/ref=sr_1_161?keywords=clothing&qid=1682200316&sr=8-161
"Hanes Women's Sweatspants, French Terry Capris, Women's Capri Sweatpants, Women's Capri Joggers  ",4.3 out of 5 stars,20055  ,14.0,https://amazon.com/Hanes-Womens-French-Terry-Capri/dp/B0170ACUUU/ref=sr_1_162?keywords=clothing&qid=1682200316&sr=8-162
Hudson Baby Baby Girls' Cotton Dresses  ,4.7 out of 5 stars,18047  ,14.99,https://amazon.com/Hudson-Baby-Toddler-Cotton-Dresses/dp/B07Q674JLR/ref=sr_1_163?keywords=clothing&qid=1682200316&sr=8-163
Saucony Women's Performance Heel Tab Athletic Socks (8 & 16 Pairs)  ,4.8 out of 5 stars,98561  ,11.49,https://amazon.com/Saucony-Womens-Performance-Athletic-Assorted/dp/B086QN7BBQ/ref=sr_1_164?keywords=clothing&qid=1682200316&sr=8-164
Simple Joys by Carter's Toddlers and Baby Girls' 4-Piece Long-Sleeve Shirts and Pants Playwear Set  ,4.8 out of 5 stars,9242  ,23.8,https://amazon.com/Simple-Joys-Carters-4-Piece-Playwear/dp/B083X7MVFS/ref=sr_1_165?keywords=clothing&qid=1682200316&sr=8-165
The Children's Place Baby Toddler Girls Cotton Pull on Shorts  ,4.7 out of 5 stars,23  ,5.98,https://amazon.com/Childrens-Place-Toddler-Fashion-Baby-Girls/dp/B0BMF4SFCR/ref=sr_1_166?keywords=clothing&qid=1682200316&sr=8-166
"BALEAF Women's 8""/ 7""/ 5"" High Waist Biker Shorts Workout Yoga Running Gym Spandex Shorts Side Pockets  ",4.4 out of 5 stars,85585  ,19.99,https://amazon.com/BALEAF-Womens-Workout-Control-Pockets/dp/B074SJPMVB/ref=sr_1_167?keywords=clothing&qid=1682200316&sr=8-167
The Drop Women's Claire Double V-Neck Textured Rib Sweater Tank  ,3.7 out of 5 stars,674  ,14.6,https://amazon.com/Drop-Womens-Textured-Sweater-Sandstorm/dp/B083N35ZH6/ref=sr_1_168?keywords=clothing&qid=1682200316&sr=8-168
Astylish Womens V Neck Roll up Sleeve Button Down Blouses Tops  ,3.8 out of 5 stars,9898  ,29.98,https://amazon.com/Astylish-Fashion-Clothing-Business-Clothes/dp/B08ZCPV4DV/ref=sr_1_169?keywords=clothing&qid=1682200316&sr=8-169
"Simple Joys by Carter's Baby Girls' 4-Piece Jacket, Pant, and Bodysuit Set  ",4.8 out of 5 stars,5661  ,20.9,https://amazon.com/Simple-Joys-Carters-4-Piece-Bodysuit/dp/B07MXXMX17/ref=sr_1_170?keywords=clothing&qid=1682200316&sr=8-170
FYBITBO 2Pcs Baby Boys Summer Clothing Sets Cute Letters Print Sleeveless Tank Tops T-Shirt+Palm Shorts Outfits  ,4.7 out of 5 stars,6254  ,15.98,https://amazon.com/Summer-Clothing-Sleeveless-T-Shirt-Outfits/dp/B07TB14CDQ/ref=sr_1_171?keywords=clothing&qid=1682200316&sr=8-171
"Hanes Baby and Toddler Socks, Boys' and Girls' Ankle and Low Cut, 10-Pair Packs  ",4.8 out of 5 stars,25902  ,8.47,https://amazon.com/Hanes-Toddler-10-Pack-assorted-4T-5T/dp/B013ERRA2Q/ref=sr_1_172?keywords=clothing&qid=1682200316&sr=8-172
The Drop Women's Gabriela High-Neck Cut-In A-Line Side Slit Maxi Sweater Dress  ,4.1 out of 5 stars,1302  ,34.93,https://amazon.com/Drop-Womens-Gabriela-Sweater-Silver/dp/B083NQTJVK/ref=sr_1_173?keywords=clothing&qid=1682200316&sr=8-173
"Simple Joys by Carter's Baby Girls' Sleeveless Bodysuit, Pack of 6  ",4.8 out of 5 stars,15271  ,18.9,https://amazon.com/Simple-Joys-Carters-Sleeveless-Bodysuit/dp/B073X3BK41/ref=sr_1_174?keywords=clothing&qid=1682200316&sr=8-174
Fruit of the Loom Women's Spaghetti Strap Cotton Pullover Sports Bra Value Pack  ,4.6 out of 5 stars,6527  ,16.8,https://amazon.com/Fruit-Loom-Spaghetti-Pullover-Blushing/dp/B0912G2YQC/ref=sr_1_175?keywords=clothing&qid=1682200316&sr=8-175
"WHOUARE 4 Pack Biker Yoga Shorts with Pockets for Women,High Waisted Athletic Running Workout Gym Shorts Tummy Control  ",4.6 out of 5 stars,10350  ,38.99,https://amazon.com/WHOUARE-Pockets-Waisted-Control-Workout/dp/B093PXHBLL/ref=sr_1_176?keywords=clothing&qid=1682200316&sr=8-176
Under Armour Girls' Play Up Solid Shorts  ,4.7 out of 5 stars,3664  ,20.0,https://amazon.com/Under-Armour-Shorts-Metallic-Silver/dp/B0874W6FMH/ref=sr_1_177?keywords=clothing&qid=1682200316&sr=8-177
The Children's Place Single and Toddler Boys Basic Bootcut Jeans  ,4.8 out of 5 stars,13174  ,6.6,https://amazon.com/Childrens-Place-Little-Bootcut-Denim/dp/B07C7KW16M/ref=sr_1_178?keywords=clothing&qid=1682200316&sr=8-178
"Burt's Bees Baby Baby Boys Short Sleeve Rompers, 100% Organic Cotton One-piece Coverall and Layette Set  ",4.8 out of 5 stars,3463  ,22.26,https://amazon.com/Burts-Bees-Baby-One-Piece-Coverall/dp/B07C2GNCQ8/ref=sr_1_179?keywords=clothing&qid=1682200316&sr=8-179
adidas Men's Designed 2 Move Feelready T-Shirt  ,4.5 out of 5 stars,2453  ,23.99,https://amazon.com/adidas-mens-Heather-Black-Large/dp/B087BMKPPG/ref=sr_1_180?keywords=clothing&qid=1682200316&sr=8-180
"Simple Joys by Carter's Toddlers and Baby Boys' Tank Tops, Multipacks  ",4.8 out of 5 stars,8349  ,19.1,https://amazon.com/Simple-Joys-Carters-Toddler-3-Pack/dp/B07961XFVV/ref=sr_1_181?keywords=clothing&qid=1682200316&sr=8-181
Dickies Men's Dri-tech Moisture Control Crew Socks Multipack  ,4.7 out of 5 stars,199718  ,22.3,https://amazon.com/Dickies-Multi-Pack-Dri-Tech-Moisture-Control/dp/B0757S3FDT/ref=sr_1_182?keywords=clothing&qid=1682200316&sr=8-182
The Drop Women's Yasmin Rib Midi Sweater Tank Dress  ,4.1 out of 5 stars,931  ,49.9,https://amazon.com/Drop-Womens-Yasmin-Sweater-Dress/dp/B08RKQYPGR/ref=sr_1_183?keywords=clothing&qid=1682200316&sr=8-183
The Children's Place Baby Boys' and Toddler Belted Chino Shorts  ,4.9 out of 5 stars,38  ,7.98,https://amazon.com/Childrens-Place-Toddler-Belted-Shorts/dp/B0BMFH42MB/ref=sr_1_184?keywords=clothing&qid=1682200316&sr=8-184
"CAMPSNAIL Biker Shorts Women with Pockets-5"" High Waisted Workout Spandex Tummy Control Gym Running Athletic Yoga Shorts  ",4.4 out of 5 stars,47  ,9.99,https://amazon.com/CAMPSNAIL-Pockets-5-Waisted-Workout-Athletic/dp/B0C1BJ6LVQ/ref=sr_1_185?keywords=clothing&qid=1682200316&sr=8-185
Gerber Baby Boys 6-pack Long-sleeve Onesies Bodysuit  ,4.8 out of 5 stars,5385  ,20.99,https://amazon.com/Gerber-6-Pack-Long-Sleeve-Onesies-Bodysuit/dp/B08CQRWXGP/ref=sr_1_186?keywords=clothing&qid=1682200316&sr=8-186
"Simple Joys by Carter's Babies, Toddlers, and Boys' Short-Sleeve Pocket Henley Tee Shirt, Pack of 3  ",4.8 out of 5 stars,8399  ,29.6,https://amazon.com/Simple-Joys-Carters-Toddler-3-Pack/dp/B075X7V4KN/ref=sr_1_187?keywords=clothing&qid=1682200316&sr=8-187
Gerber baby-boys 5-pack Short Sleeve Variety Onesies Bodysuits  ,4.8 out of 5 stars,17043  ,14.99,https://amazon.com/GERBER-5-Pack-Variety-Onesies-Bodysuits/dp/B07QRZN1FV/ref=sr_1_188?keywords=clothing&qid=1682200316&sr=8-188
"Amazon Essentials Women's 5"" Inseam Chino Short (Available in Straight and Curvy Fits)  ",4.2 out of 5 stars,2529  ,19.92,https://amazon.com/Amazon-Essentials-Womens-Curvy-Inseam/dp/B08P1SB5VJ/ref=sr_1_189?keywords=clothing&qid=1682200316&sr=8-189
"EcoSmart ECO 27 Tankless Water Heater, Electric, 27-kW - Quantity 1, 17 x 17 x 3.5  ",4.3 out of 5 stars,2709  ,433.26,https://amazon.com/EcoSmart-ECO-27-Modulating-Technology/dp/B002635ODW/ref=sr_1_190?keywords=clothing&qid=1682200316&sr=8-190
Gerber Baby Boys' 2-Pack Sleep 'N Play  ,4.7 out of 5 stars,8825  ,15.99,https://amazon.com/Gerber-Baby-2-Pack-Sleep-Months/dp/B09255H6LF/ref=sr_1_191?keywords=clothing&qid=1682200316&sr=8-191
Saucony Men's Multi-Pack Mesh Ventilating Comfort Fit Performance No-Show Socks  ,4.6 out of 5 stars,54063  ,26.99,https://amazon.com/Saucony-Ventilating-Performance-Comfort-No-Show/dp/B01N5WNP8J/ref=sr_1_192?keywords=clothing&qid=1682200316&sr=8-192
"Burt's Bees Baby Baby Boys Short Sleeve Rompers, 100% Organic Cotton One-piece Coverall and Layette Set  ",4.8 out of 5 stars,3463  ,22.26,https://amazon.com/Burts-Bees-Baby-One-Piece-Coverall/dp/B07C2GNCQ8/ref=sr_1_193?keywords=clothing&qid=1682200320&sr=8-193
adidas Men's Designed 2 Move Feelready T-Shirt  ,4.5 out of 5 stars,2453  ,23.99,https://amazon.com/adidas-mens-Heather-Black-Large/dp/B087BMKPPG/ref=sr_1_194?keywords=clothing&qid=1682200320&sr=8-194
"Simple Joys by Carter's Toddlers and Baby Boys' Tank Tops, Multipacks  ",4.8 out of 5 stars,8349  ,19.1,https://amazon.com/Simple-Joys-Carters-Toddler-3-Pack/dp/B07961XFVV/ref=sr_1_195?keywords=clothing&qid=1682200320&sr=8-195
"EcoSmart ECO 27 Tankless Water Heater, Electric, 27-kW - Quantity 1, 17 x 17 x 3.5  ",4.3 out of 5 stars,2709  ,433.26,https://amazon.com/EcoSmart-ECO-27-Modulating-Technology/dp/B002635ODW/ref=sr_1_196?keywords=clothing&qid=1682200320&sr=8-196
Dickies Men's Dri-tech Moisture Control Crew Socks Multipack  ,4.7 out of 5 stars,199718  ,22.3,https://amazon.com/Dickies-Multi-Pack-Dri-Tech-Moisture-Control/dp/B0757S3FDT/ref=sr_1_197?keywords=clothing&qid=1682200320&sr=8-197
The Drop Women's Yasmin Rib Midi Sweater Tank Dress  ,4.1 out of 5 stars,931  ,49.9,https://amazon.com/Drop-Womens-Yasmin-Sweater-Dress/dp/B08RKQYPGR/ref=sr_1_198?keywords=clothing&qid=1682200320&sr=8-198
The Children's Place Baby Boys' and Toddler Belted Chino Shorts  ,4.9 out of 5 stars,38  ,7.98,https://amazon.com/Childrens-Place-Toddler-Belted-Shorts/dp/B0BMFH42MB/ref=sr_1_199?keywords=clothing&qid=1682200320&sr=8-199
Gerber Baby Boys 6-pack Long-sleeve Onesies Bodysuit  ,4.8 out of 5 stars,5385  ,20.99,https://amazon.com/Gerber-6-Pack-Long-Sleeve-Onesies-Bodysuit/dp/B08CQRWXGP/ref=sr_1_200?keywords=clothing&qid=1682200320&sr=8-200
Gerber baby-boys 5-pack Short Sleeve Variety Onesies Bodysuits  ,4.8 out of 5 stars,17043  ,14.99,https://amazon.com/GERBER-5-Pack-Variety-Onesies-Bodysuits/dp/B07QRZN1FV/ref=sr_1_201?keywords=clothing&qid=1682200320&sr=8-201
"Amazon Essentials Women's 5"" Inseam Chino Short (Available in Straight and Curvy Fits)  ",4.2 out of 5 stars,2529  ,19.92,https://amazon.com/Amazon-Essentials-Womens-Curvy-Inseam/dp/B08P1SB5VJ/ref=sr_1_202?keywords=clothing&qid=1682200320&sr=8-202
Clothing: Learn Basic Spanish to English Words (Pedro & Pete Spanish Kids Book 7)  ,2.6 out of 5 stars,5  ,4.99,https://amazon.com/Clothing-Learn-Basic-Spanish-English-ebook/dp/B07GPZGSPL/ref=sr_1_203?keywords=clothing&qid=1682200320&sr=8-203
Gerber Baby Boys' 2-Pack Sleep 'N Play  ,4.7 out of 5 stars,8825  ,15.99,https://amazon.com/Gerber-Baby-2-Pack-Sleep-Months/dp/B09255H6LF/ref=sr_1_204?keywords=clothing&qid=1682200320&sr=8-204
G4Free Women's UPF 50+ UV Shirts Long Sleeve Workout Sun Shirt Outdoor Gym Hiking Tops Quick Dry Lightweight  ,4.3 out of 5 stars,594  ,19.98,https://amazon.com/G4Free-Womens-Protection-Workout-Outdoor/dp/B09GVRHW82/ref=sr_1_205?keywords=clothing&qid=1682200320&sr=8-205
Saucony Men's Multi-Pack Mesh Ventilating Comfort Fit Performance No-Show Socks  ,4.6 out of 5 stars,54063  ,26.99,https://amazon.com/Saucony-Ventilating-Performance-Comfort-No-Show/dp/B01N5WNP8J/ref=sr_1_206?keywords=clothing&qid=1682200320&sr=8-206
The Children's Place Baby Toddler Girls Short Sleeve Graphic T-Shirt  ,5.0 out of 5 stars,2  ,4.2,https://amazon.com/Childrens-Place-Toddler-Graphic-T-Shirt/dp/B0BRHJKL1Y/ref=sr_1_207?keywords=clothing&qid=1682200320&sr=8-207
Gerber Baby Boys' Toddler 3-Pack Pull-on Knit Shorts  ,4.8 out of 5 stars,550  ,18.99,https://amazon.com/Gerber-3-Pack-Pull-Shorts-Months/dp/B09QMRJCDK/ref=sr_1_208?keywords=clothing&qid=1682200320&sr=8-208
Carhartt Men's Loose Fit Heavyweight Long-Sleeve Pocket T-Shirt  ,4.7 out of 5 stars,42305  ,20.98,https://amazon.com/Carhartt-Workwear-Long-Sleeve-Regular-X-Large/dp/B002WJXWT8/ref=sr_1_209?keywords=clothing&qid=1682200320&sr=8-209
The Children's Place Baby Toddler Girls Denim Skort  ,4.8 out of 5 stars,4662  ,6.78,https://amazon.com/Childrens-Place-Girls-Toddler-Denim/dp/B01F78SFEC/ref=sr_1_210?keywords=clothing&qid=1682200320&sr=8-210
Newchoice Womens Collared V Neck 3/4 Sleeve Shirts Business Casual Tops Loose Work Blouses  ,4.1 out of 5 stars,4278  ,23.99,https://amazon.com/Newchoice-Womens-Sleeve-Shirts-Blouses/dp/B09H6ZTCPQ/ref=sr_1_211?keywords=clothing&qid=1682200320&sr=8-211
"Burt's Bees Baby Baby Girl's Romper Jumpsuit, 100% Organic Cotton One-Piece Coverall  ",4.7 out of 5 stars,2764  ,21.95,https://amazon.com/Burts-Bees-Baby-Unisexs-Jumpsuits/dp/B00MGSOQZE/ref=sr_1_212?keywords=clothing&qid=1682200320&sr=8-212
Nautica Competition 3 Pack Workout Tank Tops for Women Active Athletic Gym Workout Running Exercise Yoga Dry-Fit Fabric  ,4.3 out of 5 stars,191  ,15.21,https://amazon.com/Nautica-Competition-Workout-Athletic-Exercise/dp/B0BBY7ZS8C/ref=sr_1_213?keywords=clothing&qid=1682200320&sr=8-213
Sundwudu 4 Pack Biker Shorts for Women - 8” High Waist Tummy Control Summer Workout Shorts for Running Yoga Athletic  ,4.5 out of 5 stars,7340  ,26.89,https://amazon.com/Sundwudu-Pack-Biker-Shorts-Women/dp/B094QF8M6X/ref=sr_1_214?keywords=clothing&qid=1682200320&sr=8-214
The Drop Women's Payton Asymmetric Fitted One-Shoulder Top  ,4.1 out of 5 stars,529  ,9.95,https://amazon.com/Drop-Payton-Asymmetric-One-Shoulder-Military/dp/B09GW6QTVZ/ref=sr_1_215?keywords=clothing&qid=1682200320&sr=8-215
Ledy Champswiin Summer Newborn Baby Boy Girl Clothes Set Ribbed Outfits Unisex Infant Solid Short Sleeve Tops Shorts 2PCS  ,4.6 out of 5 stars,1335  ,16.99,https://amazon.com/Summer-Newborn-Clothes-Ribbed-Outfits/dp/B08V11723L/ref=sr_1_216?keywords=clothing&qid=1682200320&sr=8-216
Amazon Essentials Women's Long-Sleeve Woven Blouse  ,4.1 out of 5 stars,4501  ,23.7,https://amazon.com/Amazon-Essentials-Womens-Long-Sleeve-Leopard/dp/B082ZTGM8H/ref=sr_1_217?keywords=clothing&qid=1682200320&sr=8-217
The Children's Place Toddler Boys Tank Top 4-Pack  ,4.8 out of 5 stars,255  ,14.38,https://amazon.com/Childrens-Place-Toddler-4-Pack-Multi/dp/B08QJNQ9LH/ref=sr_1_218?keywords=clothing&qid=1682200320&sr=8-218
GAP Women's Pocket T-Shirt Casual Dress  ,4.3 out of 5 stars,157  ,20.98,https://amazon.com/GAP-Womens-Pocket-T-Shirt-Cerise/dp/B09VRT2DY1/ref=sr_1_219?keywords=clothing&qid=1682200320&sr=8-219
Amazon Essentials Women's Surplice Dress (Available in Plus Size)  ,4.4 out of 5 stars,6862  ,23.7,https://amazon.com/Amazon-Essentials-Womens-Solid-Surplice/dp/B07JP3VCMH/ref=sr_1_220?keywords=clothing&qid=1682200320&sr=8-220
KAYWIDE Women's Casual Boho V Neck Top Loose Floral Printed Long Sleeve Beach Shirts Blouses  ,4.0 out of 5 stars,2818  ,24.64,https://amazon.com/KAYWIDE-Womens-Floral-Printed-Blouses/dp/B08NW6F61B/ref=sr_1_221?keywords=clothing&qid=1682200320&sr=8-221
JMIERR Men's Casual Stylish Short Sleeve Button-Up Striped Dress Shirts Cotton Shirt  ,4.0 out of 5 stars,2150  ,22.93,https://amazon.com/JMIERR-Button-Up-Texture-Striped-Business/dp/B09V7MKTXT/ref=sr_1_222?keywords=clothing&qid=1682200320&sr=8-222
The Drop Women's Mariko Puff-Sleeve Crewneck Stretch Jersey T-Shirt  ,4.2 out of 5 stars,1044  ,20.93,https://amazon.com/Drop-Puff-Sleeve-Crew-Neck-Stretch-T-Shirt/dp/B0845FLRF3/ref=sr_1_223?keywords=clothing&qid=1682200320&sr=8-223
"Amazon Essentials Women's Cotton High Leg Brief Underwear (Available in Plus Size), Multipacks  ",4.5 out of 5 stars,44983  ,12.72,https://amazon.com/Amazon-Essentials-Womens-6-Pack-Underwear/dp/B07HZ2Z723/ref=sr_1_224?keywords=clothing&qid=1682200320&sr=8-224
Little Me Unisex Baby 2 Piece Footie and Cap Set  ,4.7 out of 5 stars,2339  ,12.98,https://amazon.com/Little-Me-Unisex-Giraffe-Newborn/dp/B002EB06MU/ref=sr_1_225?keywords=clothing&qid=1682200320&sr=8-225
adidas Women's Essentials Warm-Up Slim 3-Stripes Track Top  ,4.6 out of 5 stars,1319  ,36.0,https://amazon.com/adidas-womens-Warm-up-Tricot-3-stripes/dp/B08M7Z5T52/ref=sr_1_226?keywords=clothing&qid=1682200320&sr=8-226
"Hanes Women's Sweatspants, French Terry Capris, Women's Capri Sweatpants, Women's Capri Joggers  ",4.3 out of 5 stars,20055  ,14.0,https://amazon.com/Hanes-Womens-French-Terry-Medium/dp/B0170ACPSC/ref=sr_1_227?keywords=clothing&qid=1682200320&sr=8-227
adidas Women's Athletic Cushioned 6-Pack Quarter  ,4.7 out of 5 stars,3082  ,20.0,https://amazon.com/Athletic-Cushioned-Quarter-Compression-6-Pair/dp/B09FQDP94Y/ref=sr_1_228?keywords=clothing&qid=1682200320&sr=8-228
The Drop Women's Megan V-Neck Cardigan Sweater  ,3.6 out of 5 stars,17  ,19.95,https://amazon.com/Drop-Womens-Cardigan-Heather-Mushroom/dp/B09PDSPC4R/ref=sr_1_229?keywords=clothing&qid=1682200320&sr=8-229
"Nike Baby's Bodysuit, Hat and Booties 3 Piece Set  ",4.8 out of 5 stars,1293  ,28.49,https://amazon.com/Nike-Bodysuit-Booties-3-Piece-Swoosh/dp/B07NH46QDS/ref=sr_1_230?keywords=clothing&qid=1682200320&sr=8-230
Under Armour Girls' Tech Big Logo Twist Short Sleeve T-Shirt  ,4.7 out of 5 stars,831  ,13.97,https://amazon.com/Under-Armour-Standard-T-Shirt-Halogen/dp/B09WD7LM84/ref=sr_1_231?keywords=clothing&qid=1682200320&sr=8-231
Democracy Women's Ab Solution Jegging  ,4.5 out of 5 stars,15664  ,28.76,https://amazon.com/Democracy-Womens-Solution-Jegging-Indigo/dp/B07Q7WXZQJ/ref=sr_1_232?keywords=clothing&qid=1682200320&sr=8-232
"Simple Joys by Carter's Baby Girls' Cotton Footed Sleep and Play, Pack of 3  ",4.8 out of 5 stars,4592  ,26.7,https://amazon.com/Simple-Joys-Carters-3-Pack-Preemie/dp/B076XHH1C8/ref=sr_1_233?keywords=clothing&qid=1682200320&sr=8-233
Simple Joys by Carter's Baby Boys' 6-Piece Bodysuits (Short and Long Sleeve) and Pants Set  ,4.8 out of 5 stars,10448  ,22.8,https://amazon.com/Simple-Joys-Carters-6-Piece-Character/dp/B01M35CW83/ref=sr_1_234?keywords=clothing&qid=1682200320&sr=8-234
Amazon Essentials Women's Sleeveless Woven Shirt Dress  ,4.1 out of 5 stars,1843  ,27.5,https://amazon.com/Amazon-Essentials-Womens-Sleeveless-Woven/dp/B082ZTKMZM/ref=sr_1_235?keywords=clothing&qid=1682200320&sr=8-235
The Drop Women's Evelyn Cropped Square-Neck Bubble Top  ,4.3 out of 5 stars,93  ,18.46,https://amazon.com/Drop-Womens-Evelyn-Cropped-Square/dp/B09NRR1R1J/ref=sr_1_236?keywords=clothing&qid=1682200320&sr=8-236
"BALEAF Women's 7"" Athletic Long Running Shorts Quick Dry Workout Hiking Shorts High Waisted Zipper Pockets  ",4.4 out of 5 stars,1159  ,29.99,https://amazon.com/BALEAF-Running-Lightweight-Workout-Unlined/dp/B09LQRKMDL/ref=sr_1_237?keywords=clothing&qid=1682200320&sr=8-237
"The Children's Place Baby Toddler Boys Short Sleeve Graphic T-Shirt 3-Pack, ABC Construction/Color Trucks/Speedway Racers, 3T  ",4.6 out of 5 stars,7  ,14.99,https://amazon.com/Childrens-Place-Toddler-Construction-Speedway/dp/B0BM8SJCT6/ref=sr_1_239?keywords=clothing&qid=1682200320&sr=8-239
Glamaker Women 2 Piece Outfit sets Casual Oversized T-Shirt Tops Biker Shorts Workout Sports Tracksuit  ,4.0 out of 5 stars,6477  ,27.99,https://amazon.com/Glamaker-Oversized-T-Shirt-Workout-Tracksuit/dp/B089GJK4XD/ref=sr_1_240?keywords=clothing&qid=1682200320&sr=8-240
adidas Women's Essentials Warm-Up Slim 3-Stripes Track Top  ,4.6 out of 5 stars,1319  ,36.0,https://amazon.com/adidas-womens-Warm-up-Tricot-3-stripes/dp/B08M7Z5T52/ref=sr_1_241?keywords=clothing&qid=1682200324&sr=8-241
adidas Women's Athletic Cushioned 6-Pack Quarter  ,4.7 out of 5 stars,3082  ,20.0,https://amazon.com/Athletic-Cushioned-Quarter-Compression-6-Pair/dp/B09FQDP94Y/ref=sr_1_242?keywords=clothing&qid=1682200324&sr=8-242
The Drop Women's Megan V-Neck Cardigan Sweater  ,3.6 out of 5 stars,17  ,19.95,https://amazon.com/Drop-Womens-Cardigan-Heather-Mushroom/dp/B09PDSPC4R/ref=sr_1_243?keywords=clothing&qid=1682200324&sr=8-243
G4Free Women's UPF 50+ UV Shirts Long Sleeve Workout Sun Shirt Outdoor Gym Hiking Tops Quick Dry Lightweight  ,4.3 out of 5 stars,594  ,19.98,https://amazon.com/G4Free-Womens-Protection-Workout-Outdoor/dp/B09GVRHW82/ref=sr_1_244?keywords=clothing&qid=1682200324&sr=8-244
"Nike Baby's Bodysuit, Hat and Booties 3 Piece Set  ",4.8 out of 5 stars,1293  ,28.49,https://amazon.com/Nike-Bodysuit-Booties-3-Piece-Swoosh/dp/B07NH46QDS/ref=sr_1_245?keywords=clothing&qid=1682200324&sr=8-245
Under Armour Girls' Tech Big Logo Twist Short Sleeve T-Shirt  ,4.7 out of 5 stars,831  ,13.97,https://amazon.com/Under-Armour-Standard-T-Shirt-Halogen/dp/B09WD7LM84/ref=sr_1_246?keywords=clothing&qid=1682200324&sr=8-246
Democracy Women's Ab Solution Jegging  ,4.5 out of 5 stars,15664  ,28.76,https://amazon.com/Democracy-Womens-Solution-Jegging-Indigo/dp/B07Q7WXZQJ/ref=sr_1_247?keywords=clothing&qid=1682200324&sr=8-247
"Simple Joys by Carter's Baby Girls' Cotton Footed Sleep and Play, Pack of 3  ",4.8 out of 5 stars,4592  ,26.7,https://amazon.com/Simple-Joys-Carters-3-Pack-Preemie/dp/B076XHH1C8/ref=sr_1_248?keywords=clothing&qid=1682200324&sr=8-248
Newborn Baby Boy Girl Clothes Ribbed Knitted Cotton Long Sleeve Romper Long Pants Solid Color Fall Winter Outfits  ,4.7 out of 5 stars,4802  ,16.99,https://amazon.com/Newborn-Clothes-Ribbed-Knitted-Outfits/dp/B08L93432B/ref=sr_1_249?keywords=clothing&qid=1682200324&sr=8-249
Amazon Essentials Women's Sleeveless Woven Shirt Dress  ,4.1 out of 5 stars,1843  ,27.5,https://amazon.com/Amazon-Essentials-Womens-Sleeveless-Woven/dp/B082ZTKMZM/ref=sr_1_250?keywords=clothing&qid=1682200324&sr=8-250
The Drop Women's Evelyn Cropped Square-Neck Bubble Top  ,4.3 out of 5 stars,93  ,18.46,https://amazon.com/Drop-Womens-Evelyn-Cropped-Square/dp/B09NRR1R1J/ref=sr_1_251?keywords=clothing&qid=1682200324&sr=8-251
The Children's Place baby-girls And Toddler Girls Short Sleeve Printed Romper  ,4.7 out of 5 stars,5  ,7.58,https://amazon.com/Childrens-Place-Toddler-Fashion-Baby-Girls/dp/B0BMF8C5BB/ref=sr_1_252?keywords=clothing&qid=1682200324&sr=8-252
"BALEAF Women's 7"" Athletic Long Running Shorts Quick Dry Workout Hiking Shorts High Waisted Zipper Pockets  ",4.4 out of 5 stars,1159  ,29.99,https://amazon.com/BALEAF-Running-Lightweight-Workout-Unlined/dp/B09LQRKMDL/ref=sr_1_253?keywords=clothing&qid=1682200324&sr=8-253
Sundwudu 4 Pack Biker Shorts for Women - 8” High Waist Tummy Control Summer Workout Shorts for Running Yoga Athletic  ,4.5 out of 5 stars,7340  ,26.89,https://amazon.com/Sundwudu-Pack-Biker-Shorts-Women/dp/B094QF8M6X/ref=sr_1_254?keywords=clothing&qid=1682200324&sr=8-254
"The Children's Place Baby Toddler Boys Short Sleeve Graphic T-Shirt 3-Pack, ABC Construction/Color Trucks/Speedway Racers, 3T  ",4.6 out of 5 stars,7  ,14.99,https://amazon.com/Childrens-Place-Toddler-Construction-Speedway/dp/B0BM8SJCT6/ref=sr_1_256?keywords=clothing&qid=1682200324&sr=8-256
Ledy Champswiin Summer Newborn Baby Boy Girl Clothes Set Ribbed Outfits Unisex Infant Solid Short Sleeve Tops Shorts 2PCS  ,4.6 out of 5 stars,1335  ,16.99,https://amazon.com/Summer-Newborn-Clothes-Ribbed-Outfits/dp/B08V11723L/ref=sr_1_257?keywords=clothing&qid=1682200324&sr=8-257
"Simple Joys by Carter's Babies, Toddlers, and Girls' Leggings, Pack of 3  ",4.7 out of 5 stars,10947  ,19.0,https://amazon.com/Simple-Joys-Carters-3-Pack-Leggings/dp/B09M8XKHCF/ref=sr_1_258?keywords=clothing&qid=1682200324&sr=8-258
"Amazon Basics Portable Foldable Photo Studio Box with LED Light - 25 x 30 x 25 Inches, 1 Count (Pack of 1)  ",4.6 out of 5 stars,3881  ,99.21,https://amazon.com/AmazonBasics-Portable-Foldable-Photo-Studio/dp/B01GIL6EU4/ref=sr_1_260?keywords=clothing&qid=1682200324&sr=8-260
GAP Women's 3-Pack Layering Scoopneck Cami Top  ,4.8 out of 5 stars,18  ,28.73,https://amazon.com/GAP-Womens-Scoopneck-Layering-Cami/dp/B09R3TX78M/ref=sr_1_261?keywords=clothing&qid=1682200324&sr=8-261
Gerber Baby Boys' 2-Pack Footed Pajamas  ,4.3 out of 5 stars,8233  ,12.47,https://amazon.com/Gerber-2-Pack-Footed-Pajamas-Exploring/dp/B0B2ZSYLV3/ref=sr_1_262?keywords=clothing&qid=1682200324&sr=8-262
Columbia Girls' Switchback Ii Jacket  ,4.6 out of 5 stars,8595  ,24.99,https://amazon.com/Columbia-Little-Switchback-Jacket-XX-Small/dp/B07L4QM2NX/ref=sr_1_263?keywords=clothing&qid=1682200324&sr=8-263
"SweatyRocks Women's Casual,Crop Top,Classic  ",4.2 out of 5 stars,5762  ,30.99,https://amazon.com/SweatyRocks-Womens-Casual-Pullover-Sweatshirt/dp/B07GJ3RLZ8/ref=sr_1_264?keywords=clothing&qid=1682200324&sr=8-264
The Children's Place Baby Toddler Boys Short Sleeve Graphic T-Shirt 3-Pack  ,4.9 out of 5 stars,62  ,12.38,https://amazon.com/Childrens-Place-Toddler-Graphic-T-Shirt/dp/B0BM8SR57D/ref=sr_1_265?keywords=clothing&qid=1682200324&sr=8-265
"Hanes Women's Sweatspants, French Terry Capris, Women's Capri Sweatpants, Women's Capri Joggers  ",4.3 out of 5 stars,20055  ,14.0,https://amazon.com/Hanes-Womens-French-Terry-Medium/dp/B0170ACPSC/ref=sr_1_266?keywords=clothing&qid=1682200324&sr=8-266
"Champion Men's Packable Recycled Windbreaker Jacket, Wind- and Water-Resistant Hooded Jacket  ",4.6 out of 5 stars,7648  ,33.75,https://amazon.com/Champion-Packable-Jacket-Cargo-Olive/dp/B07VRF3J36/ref=sr_1_267?keywords=clothing&qid=1682200324&sr=8-267
Under Armour Boys' Logo Polo Bodysuit  ,4.8 out of 5 stars,2569  ,13.91,https://amazon.com/Under-Armour-Baby-Boys-Newborn-Bodysuit/dp/B00V0NWBY4/ref=sr_1_268?keywords=clothing&qid=1682200324&sr=8-268
"Simple Joys by Carter's Baby Girls' Fleece Footed Sleep and Play, Pack of 2  ",4.8 out of 5 stars,22981  ,17.9,https://amazon.com/Simple-Joys-Carters-2-Pack-Fleece/dp/B07ZPQ5V9L/ref=sr_1_269?keywords=clothing&qid=1682200324&sr=8-269
"Simple Joys by Carter's Baby Boys' Fleece Pants, Pack of 4  ",4.8 out of 5 stars,20097  ,16.7,https://amazon.com/Simple-Joys-Carters-4-Pack-Fleece/dp/B079624HDM/ref=sr_1_270?keywords=clothing&qid=1682200324&sr=8-270
CRZ YOGA 2 in 1 Flowy Running Shorts for Women High Waisted Quick Dry Athletic Gym Lounge Workout Shorts Cute Tennis Skirts  ,4.5 out of 5 stars,20  ,26.0,https://amazon.com/CRZ-YOGA-Running-Waisted-Athletic/dp/B0BNHHS8VL/ref=sr_1_271?keywords=clothing&qid=1682200324&sr=8-271
"SwaddleMe Pod - Newborn Girl, 2 Pack, Free to Fly, 0-2 Months  ",4.4 out of 5 stars,5276  ,24.99,https://amazon.com/SwaddleMe-Swaddle-Two-Way-Newborn-Preemie/dp/B07WR6TGQZ/ref=sr_1_272?keywords=clothing&qid=1682200324&sr=8-272
Amazon Essentials Men's Regular-Fit Short-Sleeve Poplin Shirt  ,4.5 out of 5 stars,16220  ,22.5,https://amazon.com/Amazon-Essentials-Regular-Fit-Short-Sleeve-X-Large/dp/B07JKZM42X/ref=sr_1_273?keywords=clothing&qid=1682200324&sr=8-273
adidas Men's Aeroready Essentials Tapered Cuff Woven 3-Stripes Pants  ,4.6 out of 5 stars,3526  ,34.98,https://amazon.com/adidas-Standard-Essentials-3-Stripes-Tracksuit/dp/B08MKSR82B/ref=sr_1_274?keywords=clothing&qid=1682200324&sr=8-274
Onesies Brand unisex-baby 8-pack Short Sleeve Mix & Match Bodysuits  ,4.7 out of 5 stars,3709  ,18.99,https://amazon.com/Onesies-Brand-8-Pack-Bodysuits-Nuetrals/dp/B0863H2ST1/ref=sr_1_275?keywords=clothing&qid=1682200324&sr=8-275
The Drop Women's Ramona Loose-Fit Relaxed Blazer  ,3.9 out of 5 stars,51  ,28.62,https://amazon.com/Drop-Womens-Ramona-Loose-Blazer/dp/B09LJB4MG6/ref=sr_1_276?keywords=clothing&qid=1682200324&sr=8-276
Amazon Essentials Women's Sleeveless Scoopneck Wide-Leg Jumpsuit  ,4.3 out of 5 stars,1524  ,35.7,https://amazon.com/Amazon-Essentials-Standard-Sleeveless-Scoop-Neck/dp/B07YGMSJLJ/ref=sr_1_277?keywords=clothing&qid=1682200324&sr=8-277
roswear Women's Business Casual V Neck Cuffed Sleeves Work Blouse Top  ,3.9 out of 5 stars,16090  ,29.99,https://amazon.com/roswear-Womens-Casual-Sleeves-Chiffon/dp/B01DOECPL0/ref=sr_1_278?keywords=clothing&qid=1682200324&sr=8-278
Glamaker Women 2 Piece Outfit sets Casual Oversized T-Shirt Tops Biker Shorts Workout Sports Tracksuit  ,4.0 out of 5 stars,6477  ,27.99,https://amazon.com/Glamaker-Oversized-T-Shirt-Workout-Tracksuit/dp/B089GJK4XD/ref=sr_1_279?keywords=clothing&qid=1682200324&sr=8-279
Little Planet By Carter's Baby 3-Pack Organic Cotton Rib Bodysuits  ,4.9 out of 5 stars,461  ,11.96,https://amazon.com/Carters-3-pack-Organic-Cotton-Bodysuits/dp/B09NNY9P85/ref=sr_1_280?keywords=clothing&qid=1682200324&sr=8-280
The Children's Place Boys' Basic Skinny Jeans 3-Pack  ,4.6 out of 5 stars,378  ,23.4,https://amazon.com/Childrens-Place-Three-Skinny-Jeans/dp/B08P546S85/ref=sr_1_281?keywords=clothing&qid=1682200324&sr=8-281
"Hanes Originals Cotton Joggers, Jersey Sweatpants for Men with Pockets, 30"" Inseam  ",4.2 out of 5 stars,186  ,14.65,https://amazon.com/Hanes-Originals-Joggers-Sweatpants-Pockets/dp/B0BN5CTRBP/ref=sr_1_282?keywords=clothing&qid=1682200324&sr=8-282
Amazon Essentials Women's Jersey Relaxed-Fit Short-Sleeve Crewneck Pocket T-Shirt (Previously Daily Ritual)  ,4.2 out of 5 stars,1684  ,13.52,https://amazon.com/Daily-Ritual-Short-Sleeve-T-Shirt-Black-White/dp/B07DDVWFYN/ref=sr_1_283?keywords=clothing&qid=1682200324&sr=8-283
Fruit of the Loom Girls' Undershirts (Camis & Tanks)  ,4.4 out of 5 stars,32478  ,16.99,https://amazon.com/Fruit-Loom-Girls-Undershirts-Camis/dp/B084DSZGTT/ref=sr_1_284?keywords=clothing&qid=1682200324&sr=8-284
Nike Women's Pro 3in Training Shorts  ,4.7 out of 5 stars,1066  ,36.49,https://amazon.com/Nike-Womens-Training-Shorts-Black/dp/B07XJDX2GF/ref=sr_1_285?keywords=clothing&qid=1682200324&sr=8-285
GAP Women's Logo Sweatpant  ,4.1 out of 5 stars,59  ,16.76,https://amazon.com/GAP-Womens-Sweatpants-Mauve-Medium/dp/B09XQHXPTY/ref=sr_1_286?keywords=clothing&qid=1682200324&sr=8-286
Carhartt Men's Loose Fit Heavyweight Long-Sleeve Pocket Henley T-Shirt  ,4.7 out of 5 stars,22834  ,24.99,https://amazon.com/Carhartt-Workwear-Pocket-Regular-2X-Large/dp/B002GHC1L6/ref=sr_1_287?keywords=clothing&qid=1682200324&sr=8-287
Amazon Essentials Women's Long-Sleeve Crewneck Smocked Cuff T-Shirt  ,4.3 out of 5 stars,2093  ,19.0,https://amazon.com/Amazon-Essentials-Womens-Smocked-T-Shirt/dp/B08XQZY9BX/ref=sr_1_288?keywords=clothing&qid=1682200324&sr=8-288
"Simple Joys by Carter's Baby Girls' Cotton Footed Sleep and Play, Pack of 2  ",4.8 out of 5 stars,8657  ,17.1,https://amazon.com/Simple-Joys-Carters-2-Pack-elephant/dp/B07ZPQ7LRF/ref=sr_1_289?keywords=clothing&qid=1682200328&sr=8-289
Amazon Essentials Women's Classic-Fit Cape Sleeve Open Crewneck T-Shirt  ,4.2 out of 5 stars,1430  ,13.52,https://amazon.com/Amazon-Essentials-Classic-Crewneck-T-Shirt/dp/B08P4T7NQ7/ref=sr_1_290?keywords=clothing&qid=1682200328&sr=8-290
The Drop Women's Veronique High-Waist Slit Skirt  ,4.3 out of 5 stars,944  ,34.9,https://amazon.com/Drop-Womens-Standard-Veronique-Waist/dp/B07YFV7RL9/ref=sr_1_291?keywords=clothing&qid=1682200328&sr=8-291
Motherhood Maternity womens Indigo Blue Side Panel Skinny Ankle Length Denim Overalls  ,4.5 out of 5 stars,2256  ,49.0,https://amazon.com/Motherhood-Maternity-Womens-Skinny-Overalls/dp/B07355K7K2/ref=sr_1_292?keywords=clothing&qid=1682200328&sr=8-292
"Hanes Men's T-Shirts, Men's BeefyT Henley Shirts, Men's Cotton Long Sleeve Shirts  ",4.5 out of 5 stars,71050  ,14.0,https://amazon.com/Hanes-Heavyweight-Henley-Slate-Heather/dp/B07TKDTVRX/ref=sr_1_293?keywords=clothing&qid=1682200328&sr=8-293
"CAMPSNAIL Biker Shorts Women with Pockets-5"" High Waisted Workout Spandex Tummy Control Gym Running Athletic Yoga Shorts  ",4.4 out of 5 stars,47  ,9.99,https://amazon.com/CAMPSNAIL-Pockets-5-Waisted-Workout-Athletic/dp/B0C1BJ6LVQ/ref=sr_1_294?keywords=clothing&qid=1682200328&sr=8-294
The Drop Women's Lydia Loose Short-Sleeve Drop-Shoulder Jersey T-Shirt  ,4.1 out of 5 stars,720  ,19.9,https://amazon.com/Drop-Womens-Sleeve-Shoulder-T-Shirt/dp/B08C92WKCK/ref=sr_1_295?keywords=clothing&qid=1682200328&sr=8-295
The Drop Women's Abby Flat Front Pant  ,3.5 out of 5 stars,172  ,59.9,https://amazon.com/Drop-Womens-Abby-Front-Ivory/dp/B09M7ND1VD/ref=sr_1_296?keywords=clothing&qid=1682200328&sr=8-296
Little Planet By Carter's Baby 3-Pack Organic Cotton Rib Bodysuits  ,4.9 out of 5 stars,461  ,11.96,https://amazon.com/Carters-3-pack-Organic-Cotton-Bodysuits/dp/B09NNY9P85/ref=sr_1_297?keywords=clothing&qid=1682200328&sr=8-297
Wrangler Baby Boys' Five Pocket Jean  ,4.9 out of 5 stars,1328  ,25.0,https://amazon.com/Wrangler-Baby-Boys-Five-Pocket/dp/B078CQYDV7/ref=sr_1_298?keywords=clothing&qid=1682200328&sr=8-298
Lee Women's Flex Motion Regular Fit Trouser Pant  ,4.2 out of 5 stars,14145  ,41.9,https://amazon.com/LEE-Womens-Regular-Trouser-Bungalow/dp/B07SKCHP6H/ref=sr_1_299?keywords=clothing&qid=1682200328&sr=8-299
"Hudson Baby Unisex Baby Cotton Bodysuit, Shorts and Shoe Set  ",4.7 out of 5 stars,12450  ,13.99,https://amazon.com/Hudson-Baby-Cotton-Bodysuit-Bottoms/dp/B01N7WLZZY/ref=sr_1_300?keywords=clothing&qid=1682200328&sr=8-300
Gerber Baby Boys' 2-Pack Footed Pajamas  ,4.3 out of 5 stars,8233  ,12.47,https://amazon.com/Gerber-2-Pack-Footed-Pajamas-Exploring/dp/B0B2ZSYLV3/ref=sr_1_301?keywords=clothing&qid=1682200328&sr=8-301
"Simple Joys by Carter's Baby Girls' Fleece Footed Sleep and Play, Pack of 2  ",4.8 out of 5 stars,22981  ,17.9,https://amazon.com/Simple-Joys-Carters-2-Pack-Fleece/dp/B07ZPQ5V9L/ref=sr_1_302?keywords=clothing&qid=1682200328&sr=8-302
"Champion Men's Packable Recycled Windbreaker Jacket, Wind- and Water-Resistant Hooded Jacket  ",4.6 out of 5 stars,7648  ,33.75,https://amazon.com/Champion-Packable-Jacket-Cargo-Olive/dp/B07VRF3J36/ref=sr_1_303?keywords=clothing&qid=1682200328&sr=8-303
"Simple Joys by Carter's Baby Boys' 4-Piece Fleece Jacket, Pant, and Bodysuit Set  ",4.8 out of 5 stars,8736  ,18.39,https://amazon.com/Simple-Joys-Carters-4-Piece-Bodysuit/dp/B07MY18BVD/ref=sr_1_304?keywords=clothing&qid=1682200328&sr=8-304
GAP Baby Boys' Brannan's Favorites Logo Long Sleeve Tee T-Shirt  ,4.6 out of 5 stars,160  ,11.43,https://amazon.com/GAP-Sleeve-T-Shirt-Shirt-Bainbridge/dp/B09XQ4XPJ1/ref=sr_1_305?keywords=clothing&qid=1682200328&sr=8-305
"Simple Joys by Carter's Baby Girls' 4-Piece Jacket, Pant, and Bodysuit Set  ",4.8 out of 5 stars,5661  ,20.9,https://amazon.com/Simple-Joys-Carters-4-Piece-Bodysuit/dp/B07MY1L597/ref=sr_1_306?keywords=clothing&qid=1682200328&sr=8-306
